{
  "completed_trials": 30,
  "best_trial": 13,
  "best_value": 0.895888938998875,
  "best_params": {
    "d_token": 256,
    "n_blocks": 2,
    "n_heads": 4,
    "attn_drop": 0.059614704460251716,
    "ffn_drop": 0.0016566351370807197,
    "ffn_mult": 1.3333333333333333,
    "lr": 0.000348771262454593,
    "wd": 1.6677615430197902e-06
  }
}